"Date","Daily_Case_0_24","Daily_Case_25_44","Daily_Case_45_64","Daily_Case_65_plus","Daily_Hospi_0_24","Daily_Hospi_25_44","Daily_Hospi_45_64","Daily_Hospi_65_plus","Total_Daily_Cases","Total_Daily_Hospi"
2020-02-29,0,0,0,0,0,0,0,0,0,0
2020-03-02,0,0,0,0,0,0,0,0,0,0
2020-03-03,0,0,0,0,0,0,1,0,0,1
2020-03-04,0,0,1,0,1,2,0,0,1,3
2020-03-05,1,2,0,0,1,2,0,0,3,3
2020-03-06,1,2,0,0,0,1,1,0,3,2
2020-03-07,0,2,3,0,0,1,1,0,5,2
2020-03-08,0,2,1,0,0,0,0,2,3,2
2020-03-09,0,0,0,2,0,1,4,0,2,5
2020-03-10,0,1,5,1,0,3,5,2,7,10
2020-03-11,1,4,5,2,0,2,4,3,12,9
2020-03-12,0,2,6,4,2,5,2,2,12,11
2020-03-13,10,10,7,2,1,2,4,1,29,8
2020-03-14,3,9,17,3,0,0,2,5,32,7
2020-03-15,3,10,12,8,1,1,1,2,33,5
2020-03-16,3,15,6,3,3,9,6,7,27,25
2020-03-17,9,50,22,17,3,7,6,11,98,27
2020-03-18,15,33,16,15,1,6,11,12,79,30
2020-03-19,8,31,27,18,1,7,10,14,84,32
2020-03-20,12,55,48,27,4,7,18,8,142,37
2020-03-21,9,46,52,19,1,7,5,11,126,24
2020-03-22,10,54,43,17,1,5,15,17,124,38
2020-03-23,9,43,50,26,1,3,14,17,128,35
2020-03-24,20,69,67,42,0,3,18,25,198,46
2020-03-25,22,70,84,44,3,16,16,37,220,72
2020-03-26,17,102,74,53,2,10,27,51,246,90
2020-03-27,17,96,84,65,3,17,32,39,262,91
2020-03-28,23,112,107,67,2,17,24,44,309,87
2020-03-29,16,89,82,70,1,3,21,31,257,56
2020-03-30,10,60,74,50,4,11,28,57,194,100
2020-03-31,17,85,96,105,2,14,24,41,303,81
2020-04-01,22,111,89,67,3,20,31,65,289,119
2020-04-02,19,122,137,88,1,7,31,52,366,91
2020-04-03,24,125,121,90,1,12,26,64,360,103
2020-04-04,20,126,127,154,0,14,22,59,427,95
2020-04-05,18,162,126,155,0,11,23,41,461,75
2020-04-06,69,272,237,98,0,11,31,55,676,97
2020-04-07,20,129,120,116,3,4,17,29,385,53
2020-04-08,25,155,178,106,3,15,38,56,464,112
2020-04-09,43,242,206,122,3,8,21,57,613,89
2020-04-10,58,229,259,152,3,6,21,31,698,61
2020-04-11,63,279,241,122,1,8,19,46,705,74
2020-04-12,81,359,358,170,1,9,14,32,968,56
2020-04-13,99,326,281,187,1,10,13,34,893,58
2020-04-14,82,295,284,205,1,5,15,41,866,62
2020-04-15,110,418,391,211,3,10,13,31,1130,57
2020-04-16,49,182,198,150,3,9,28,53,579,93
2020-04-17,58,204,264,195,4,8,21,34,721,67
2020-04-18,75,278,275,224,1,7,7,21,852,36
2020-04-19,57,168,179,151,0,6,4,22,555,32
2020-04-20,10,60,49,147,1,4,10,27,266,42
2020-04-21,41,112,106,136,0,6,12,23,395,41
2020-04-22,34,140,133,203,2,12,13,28,510,55
2020-04-23,65,229,245,406,0,3,12,32,945,47
2020-04-24,37,142,120,238,0,3,13,26,537,42
2020-04-25,34,135,106,174,1,7,12,26,449,46
2020-04-26,56,195,173,240,1,2,9,29,664,41
2020-04-27,39,101,85,174,1,11,5,21,399,38
2020-04-28,39,120,100,108,0,3,6,22,367,31
2020-04-29,33,112,108,113,4,5,9,34,366,52
2020-04-30,45,126,95,129,0,1,6,14,395,21
2020-05-01,22,90,83,76,6,2,14,21,271,43
2020-05-02,53,119,98,81,1,5,5,9,351,20
2020-05-03,52,170,108,53,3,6,5,9,383,23
2020-05-04,23,82,62,37,1,0,4,9,204,14
2020-05-05,29,110,67,43,5,2,3,10,249,20
2020-05-06,43,126,73,39,2,0,5,15,281,22
2020-05-07,14,40,54,28,0,1,3,12,136,16
2020-05-08,23,74,43,46,0,4,5,14,186,23
2020-05-09,22,57,40,38,2,1,2,12,157,17
2020-05-10,30,94,80,57,0,0,2,9,261,11
2020-05-11,21,58,50,52,0,4,2,8,181,14
2020-05-12,13,34,21,17,0,2,5,2,85,9
2020-05-13,16,49,32,27,0,4,6,7,124,17
2020-05-14,49,188,108,18,0,6,9,7,363,22
2020-05-15,19,131,67,16,0,2,1,4,233,7
2020-05-16,15,50,21,19,0,0,4,3,105,7
2020-05-17,9,44,14,17,1,1,1,5,84,8
2020-05-18,30,53,32,15,0,2,4,7,130,13
2020-05-19,8,14,12,8,0,1,5,6,42,12
2020-05-20,14,28,17,16,0,1,6,12,75,19
2020-05-21,6,26,20,23,1,1,2,11,75,15
2020-05-22,17,33,25,20,0,3,4,3,95,10
2020-05-23,29,45,26,15,1,2,0,3,115,6
2020-05-24,8,16,8,7,0,0,1,3,39,4
2020-05-25,8,6,16,10,0,1,4,7,40,12
2020-05-26,12,36,36,21,0,1,2,5,105,8
2020-05-27,17,22,16,13,0,1,1,1,68,3
2020-05-28,5,14,12,9,0,2,1,2,40,5
2020-05-29,4,8,13,12,0,1,2,7,37,10
2020-05-30,3,21,11,20,0,0,1,1,55,2
2020-05-31,9,27,20,10,1,0,2,1,66,4
2020-06-01,22,18,23,12,0,0,0,4,75,4
2020-06-02,1,2,1,6,0,2,3,6,10,11
2020-06-03,3,11,16,10,0,0,0,1,40,1
2020-06-04,7,12,16,1,0,0,1,3,36,4
2020-06-05,9,6,4,7,0,0,1,2,26,3
2020-06-06,4,9,5,4,0,0,1,1,22,2
2020-06-07,6,7,7,3,0,1,0,0,23,1
2020-06-08,0,5,3,1,0,0,1,1,9,2
2020-06-09,2,1,5,1,0,2,0,0,9,2
2020-06-10,6,6,2,4,0,0,0,1,18,1
2020-06-11,2,3,1,2,0,0,0,1,8,1
2020-06-12,3,2,1,7,0,1,1,1,13,3
2020-06-13,9,17,12,7,0,0,0,1,45,1
2020-06-14,2,2,1,3,1,0,0,0,8,1
2020-06-15,4,4,7,3,0,1,1,1,18,3
2020-06-16,2,4,4,4,0,0,0,0,14,0
2020-06-17,1,3,2,2,0,1,0,0,8,1
2020-06-18,3,7,4,2,0,1,0,0,16,1
2020-06-19,2,5,2,4,0,0,0,0,13,0
2020-06-20,5,7,6,3,0,0,0,0,21,0
2020-06-21,0,3,0,2,0,0,1,0,5,1
2020-06-22,1,1,2,0,0,1,0,0,4,1
2020-06-23,1,4,4,1,0,0,1,2,10,3
2020-06-24,0,1,1,2,0,0,0,0,4,0
2020-06-25,1,2,2,4,0,0,0,0,9,0
2020-06-26,2,7,1,1,0,0,1,0,11,1
2020-06-27,2,12,4,2,1,0,0,0,20,1
2020-06-28,3,0,0,0,0,1,0,2,3,3
2020-06-29,4,8,5,7,0,0,0,1,24,1
2020-06-30,3,6,1,1,0,1,0,0,11,1
2020-07-01,0,2,2,2,0,0,0,1,6,1
2020-07-02,4,6,4,1,2,0,0,0,15,2
2020-07-03,3,5,1,0,0,0,0,0,9,0
2020-07-04,1,5,5,0,0,0,1,0,11,1
2020-07-05,3,7,5,2,0,0,0,0,17,0
2020-07-06,0,2,1,0,0,1,0,0,3,1
2020-07-07,4,13,5,2,1,0,0,0,24,1
2020-07-08,4,3,3,1,0,0,0,0,11,0
2020-07-09,17,5,0,1,0,1,0,0,23,1
2020-07-10,15,7,2,1,0,0,0,0,25,0
2020-07-11,8,10,3,2,0,0,0,0,23,0
2020-07-12,1,13,2,1,1,0,0,0,17,1
2020-07-13,2,3,4,2,0,0,2,2,11,4
2020-07-14,2,12,13,5,0,0,1,1,32,2
2020-07-15,2,5,5,1,0,0,1,0,13,1
2020-07-16,3,13,2,4,1,0,0,0,22,1
2020-07-17,11,13,3,5,0,0,0,0,32,0
2020-07-18,4,6,5,4,0,0,0,1,19,1
2020-07-19,1,6,1,1,0,0,0,0,9,0
2020-07-20,1,2,3,0,0,1,0,0,6,1
2020-07-21,6,10,16,2,1,0,0,0,34,1
2020-07-22,2,6,4,4,0,0,1,0,16,1
2020-07-23,1,3,1,2,0,0,1,0,7,1
2020-07-24,6,11,1,2,0,0,0,0,20,0
2020-07-25,4,14,5,0,2,0,0,0,23,2
2020-07-26,5,6,1,0,0,0,0,0,12,0
2020-07-27,2,4,3,1,0,0,2,0,10,2
2020-07-28,11,18,8,2,1,0,0,0,39,1
2020-07-29,4,8,1,1,0,1,0,0,14,1
2020-07-30,34,24,21,5,0,0,0,0,84,0
2020-07-31,13,19,7,2,0,1,1,0,41,2
2020-08-01,13,19,9,2,0,0,1,0,43,1
2020-08-02,21,21,6,5,0,1,0,1,53,2
2020-08-03,14,24,6,1,0,0,0,0,45,0
2020-08-04,8,26,10,0,0,0,1,0,44,1
2020-08-05,21,17,7,2,0,0,0,2,47,2
2020-08-06,13,33,21,3,0,1,1,1,70,3
2020-08-07,18,48,28,3,0,3,0,0,97,3
2020-08-08,34,86,41,9,0,0,0,0,170,0
2020-08-09,21,34,10,2,0,0,0,1,67,1
2020-08-10,21,20,15,1,0,0,0,1,57,1
2020-08-11,17,6,6,4,1,1,0,0,33,2
2020-08-12,14,16,8,2,0,1,0,1,40,2
2020-08-13,34,29,18,6,0,1,1,1,87,3
2020-08-14,22,25,13,7,0,1,2,2,67,5
2020-08-15,55,79,48,16,0,0,0,0,198,0
2020-08-16,21,22,17,4,0,0,0,0,64,0
2020-08-17,22,19,10,2,0,1,1,1,53,3
2020-08-18,55,82,40,7,0,1,2,1,184,4
2020-08-19,21,15,14,4,0,0,0,1,54,1
2020-08-20,53,53,23,6,0,0,0,1,135,1
2020-08-21,26,30,17,2,0,1,0,1,75,2
2020-08-22,48,59,32,11,0,0,0,1,150,1
2020-08-23,25,17,17,1,1,1,4,0,60,6
2020-08-24,58,46,28,14,1,0,1,0,146,2
2020-08-25,35,27,22,7,2,1,1,0,91,4
2020-08-26,52,54,42,13,1,0,1,2,161,4
2020-08-27,31,34,23,5,0,1,1,3,93,5
2020-08-28,45,53,21,4,1,3,1,1,123,6
2020-08-29,42,55,31,12,0,0,1,2,140,3
2020-08-30,16,13,8,3,1,0,0,0,40,1
2020-08-31,19,21,12,1,0,0,1,7,53,8
2020-09-01,78,71,44,21,0,0,2,4,214,6
2020-09-02,40,16,19,14,0,0,1,3,89,4
2020-09-03,33,31,18,10,2,0,2,4,92,8
2020-09-04,36,28,22,10,2,1,0,5,96,8
2020-09-05,68,92,44,25,0,1,1,0,229,2
2020-09-06,42,51,29,16,1,0,1,2,138,4
2020-09-07,38,36,18,8,1,0,0,3,100,4
2020-09-08,109,113,65,19,0,0,2,2,306,4
2020-09-09,30,25,14,13,0,0,4,3,82,7
2020-09-10,56,64,47,28,0,1,3,4,195,8
2020-09-11,69,82,42,14,1,0,4,2,207,7
2020-09-12,51,51,46,10,2,2,4,2,158,10
2020-09-13,91,83,48,33,0,0,1,5,255,6
2020-09-14,78,48,63,15,2,1,5,5,204,13
2020-09-15,136,88,86,40,1,1,2,4,350,8
2020-09-16,91,66,66,22,1,3,5,9,245,18
2020-09-17,66,78,65,29,2,2,4,4,238,12
2020-09-18,91,82,51,24,1,0,4,4,248,9
2020-09-19,93,84,69,24,1,3,2,6,270,12
2020-09-20,130,144,75,42,0,0,6,6,391,12
2020-09-21,58,72,36,18,0,1,3,4,184,8
2020-09-22,131,105,65,27,0,2,1,2,328,5
2020-09-23,89,64,54,20,1,0,5,6,227,12
2020-09-24,96,109,83,31,0,3,8,6,319,17
2020-09-25,113,111,74,26,3,1,4,4,324,12
2020-09-26,93,74,57,24,2,1,2,4,248,9
2020-09-27,155,151,78,44,0,2,3,4,428,9
2020-09-28,128,122,101,32,2,3,5,4,383,14
2020-09-29,119,109,93,36,1,4,7,9,357,21
2020-09-30,152,125,108,43,2,1,3,10,428,16
2020-10-01,126,168,108,37,2,1,3,5,439,11
2020-10-02,156,155,115,32,1,3,5,4,458,13
2020-10-03,211,200,144,49,2,5,1,4,604,12
2020-10-04,125,142,74,20,1,3,3,4,361,11
2020-10-05,186,168,117,45,2,3,15,11,516,31
2020-10-06,153,111,122,40,4,2,10,14,426,30
2020-10-07,205,149,147,100,1,2,7,16,601,26
2020-10-08,186,139,118,60,2,6,6,9,503,23
2020-10-09,251,200,125,37,4,6,9,12,613,31
2020-10-10,387,325,226,60,5,5,3,22,998,35
2020-10-11,292,263,169,74,3,4,6,9,798,22
2020-10-12,297,266,187,66,3,6,6,9,816,24
2020-10-13,322,241,171,72,5,6,13,24,806,48
2020-10-14,410,336,232,93,2,2,13,14,1071,31
2020-10-15,463,388,272,83,4,8,3,7,1206,22
2020-10-16,395,313,226,60,6,4,8,15,994,33
2020-10-17,487,385,310,85,0,5,10,14,1267,29
2020-10-18,469,380,282,113,0,4,4,9,1244,17
2020-10-19,410,290,228,70,3,3,18,22,998,46
2020-10-20,474,314,340,121,3,5,20,31,1249,59
2020-10-21,426,323,272,133,2,7,10,16,1154,35
2020-10-22,390,320,226,124,0,2,3,16,1060,21
2020-10-23,280,223,194,58,1,5,8,34,755,48
2020-10-24,298,230,217,93,3,3,5,11,838,22
2020-10-25,418,298,227,70,2,2,4,21,1013,29
2020-10-26,357,254,216,103,1,1,2,7,930,11
2020-10-27,254,205,188,62,4,8,10,15,709,37
2020-10-28,241,193,166,63,3,7,8,23,663,41
2020-10-29,292,249,200,102,1,10,5,19,843,35
2020-10-30,269,218,192,75,3,2,4,10,754,19
2020-10-31,137,120,101,41,3,1,5,10,399,19
2020-11-01,204,137,132,65,4,4,4,8,538,20
2020-11-02,266,247,168,66,3,2,5,13,747,23
2020-11-03,94,107,62,45,4,1,8,23,308,36
2020-11-04,130,137,115,60,3,6,8,32,442,49
2020-11-05,147,195,145,93,0,4,6,14,580,24
2020-11-06,164,169,99,61,1,7,8,13,493,29
2020-11-07,98,114,87,32,0,6,5,24,331,35
2020-11-08,163,171,119,66,2,2,3,4,519,11
2020-11-09,102,80,60,22,3,5,9,31,264,48
2020-11-10,71,80,58,58,2,1,6,30,267,39
2020-11-11,105,94,107,53,4,2,11,28,359,45
2020-11-12,137,117,78,59,0,3,5,13,391,21
2020-11-13,154,139,116,68,2,2,4,14,477,22
2020-11-14,161,154,100,40,2,3,6,16,455,27
2020-11-15,102,131,86,51,1,1,3,14,370,19
2020-11-16,159,151,99,41,3,5,11,17,450,36
2020-11-17,111,108,90,51,3,5,5,15,360,28
2020-11-18,129,119,100,33,6,5,10,22,381,43
2020-11-19,145,144,80,50,1,6,4,22,419,33
2020-11-20,107,105,69,48,0,3,2,8,329,13
2020-11-21,129,105,67,32,1,3,3,7,333,14
2020-11-22,145,80,57,24,0,1,2,6,306,9
2020-11-23,94,67,59,29,0,2,8,31,249,41
2020-11-24,60,66,53,47,0,3,3,17,226,23
2020-11-25,91,73,59,33,1,1,5,11,256,18
2020-11-26,111,99,84,37,1,2,4,4,331,11
2020-11-27,83,52,48,18,1,3,6,8,201,18
2020-11-28,92,77,37,31,2,7,2,14,237,25
2020-11-29,99,100,63,33,0,0,2,7,295,9
2020-11-30,94,107,67,34,0,4,6,11,302,21
2020-12-01,96,79,60,34,1,3,8,18,269,30
2020-12-02,89,81,60,37,0,3,8,12,267,23
2020-12-03,57,53,44,27,1,1,3,3,181,8
2020-12-04,94,83,59,28,0,4,8,27,264,39
2020-12-05,120,143,107,75,2,0,0,10,445,12
2020-12-06,115,77,61,45,0,2,2,7,298,11
2020-12-07,74,77,56,34,2,1,4,10,241,17
2020-12-08,60,69,61,21,2,1,3,11,211,17
2020-12-09,69,71,52,28,2,3,8,6,220,19
2020-12-10,91,95,93,30,3,2,4,11,309,20
2020-12-11,98,112,75,27,1,1,4,7,312,13
2020-12-12,75,86,59,22,0,3,11,4,242,18
2020-12-13,150,132,101,43,1,2,2,5,426,10
2020-12-14,86,86,53,38,1,8,7,18,263,34
2020-12-15,105,105,77,41,1,2,3,14,328,20
2020-12-16,139,145,112,31,2,4,11,24,427,41
2020-12-17,128,156,142,55,2,2,5,12,481,21
2020-12-18,137,211,150,80,2,1,9,8,578,20
2020-12-19,153,192,141,42,5,4,7,13,528,29
2020-12-20,263,251,178,67,4,4,7,24,759,39
2020-12-21,200,248,189,89,2,5,11,23,726,41
2020-12-22,288,333,242,103,2,5,5,18,966,30
2020-12-23,289,319,236,91,4,7,10,16,935,37
2020-12-24,301,319,220,78,4,7,9,23,918,43
2020-12-25,311,371,237,98,4,9,11,18,1017,42
2020-12-26,423,428,331,110,1,7,6,25,1292,39
2020-12-27,199,279,176,88,3,2,3,16,742,24
2020-12-28,233,297,164,67,3,6,11,32,761,52
2020-12-29,469,544,374,158,6,12,20,41,1545,79
2020-12-30,525,611,433,151,3,13,14,43,1720,73
2020-12-31,480,569,402,155,12,15,23,38,1606,88
2021-01-01,505,618,442,184,7,11,21,46,1749,85
2021-01-02,1070,1135,857,320,4,14,47,59,3382,124
2021-01-03,1395,1743,1344,471,14,35,50,90,4953,189
2021-01-04,1618,2226,1693,564,8,21,28,73,6101,130
2021-01-05,1487,1876,1438,502,7,30,57,112,5303,206
2021-01-06,2066,2866,2132,734,25,34,58,125,7798,242
2021-01-07,1664,2397,1821,621,15,49,74,151,6503,289
2021-01-08,2066,3001,2323,846,5,14,45,107,8236,171
2021-01-09,1253,1685,1353,544,13,32,60,157,4835,262
2021-01-10,1701,2415,1951,764,5,18,39,117,6831,179
2021-01-11,1246,1628,1360,652,11,30,55,186,4886,282
2021-01-12,620,1043,846,561,10,28,59,149,3070,246
2021-01-13,716,1199,1127,515,11,36,66,147,3557,260
2021-01-14,802,1323,1196,625,20,33,68,150,3946,271
2021-01-15,708,1178,1033,571,11,21,53,136,3490,221
2021-01-16,660,1092,964,504,6,14,30,75,3220,125
2021-01-17,697,998,846,395,6,12,24,48,2936,90
2021-01-18,473,765,572,300,9,24,44,123,2110,200
2021-01-19,423,674,546,346,11,17,35,104,1989,167
2021-01-20,443,840,767,423,6,22,41,87,2473,156
2021-01-21,496,923,799,379,11,16,31,101,2597,159
2021-01-22,521,821,639,383,3,14,22,74,2364,113
2021-01-23,409,695,500,298,0,10,14,49,1902,73
2021-01-24,309,490,379,191,8,11,22,50,1369,91
2021-01-25,292,471,368,233,6,10,18,88,1364,122
2021-01-26,186,275,243,212,7,16,20,64,916,107
2021-01-27,296,426,350,255,6,20,22,67,1327,115
2021-01-28,344,463,374,278,4,6,24,68,1459,102
2021-01-29,274,395,352,222,11,17,22,41,1243,91
2021-01-30,325,486,358,193,1,16,19,51,1362,87
2021-01-31,311,432,301,199,0,6,18,32,1243,56
2021-02-01,230,374,276,178,5,16,18,51,1058,90
2021-02-02,207,281,223,160,5,16,24,48,871,93
2021-02-03,244,320,266,177,4,16,28,61,1007,109
2021-02-04,344,417,350,200,7,16,28,55,1311,106
2021-02-05,281,322,283,154,5,4,14,40,1040,63
2021-02-06,224,299,196,107,4,12,15,31,826,62
2021-02-07,338,326,245,114,5,7,13,36,1023,61
2021-02-08,284,243,185,114,6,14,15,40,826,75
2021-02-09,161,173,139,80,10,10,26,39,553,85
2021-02-10,324,327,245,108,7,10,16,24,1004,57
2021-02-11,270,293,200,97,8,16,16,36,860,76
2021-02-12,289,317,205,109,6,13,12,32,920,63
2021-02-13,417,335,223,99,3,5,8,20,1074,36
2021-02-14,314,241,161,68,4,6,11,21,784,42
2021-02-15,322,247,173,76,5,9,20,39,818,73
2021-02-16,298,209,141,92,2,13,15,33,740,63
2021-02-17,214,200,155,77,3,13,20,41,646,77
2021-02-18,274,315,199,111,9,8,8,28,899,53
2021-02-19,297,248,140,76,7,13,15,28,761,63
2021-02-20,383,301,192,107,4,6,10,14,983,34
2021-02-21,268,213,134,62,6,10,12,9,677,37
2021-02-22,242,204,183,53,2,10,9,31,682,52
2021-02-23,224,166,114,70,7,6,10,12,574,35
2021-02-24,200,186,126,61,2,3,12,12,573,29
2021-02-25,205,197,137,68,4,8,9,22,607,43
2021-02-26,268,247,173,84,3,6,6,15,772,30
2021-02-27,280,242,149,61,3,4,11,11,732,29
2021-02-28,223,213,130,36,3,2,5,13,602,23
2021-03-01,286,197,144,55,3,1,6,16,682,26
2021-03-02,130,106,84,38,1,11,10,8,358,30
2021-03-03,189,188,139,41,3,8,8,16,557,35
2021-03-04,175,136,101,39,2,7,9,10,451,28
2021-03-05,169,180,130,39,4,7,9,12,518,32
2021-03-06,177,191,111,56,3,7,3,13,535,26
2021-03-07,210,179,88,47,3,2,6,11,524,22
2021-03-08,163,144,79,47,2,3,10,13,433,28
2021-03-09,115,85,75,36,6,3,5,16,311,30
2021-03-10,262,208,124,37,4,1,7,7,631,19
2021-03-11,217,209,117,47,1,8,10,17,590,36
2021-03-12,265,210,122,47,4,10,6,11,644,31
2021-03-13,231,164,95,51,6,2,3,5,541,16
2021-03-14,142,138,79,22,1,5,9,12,381,27
2021-03-15,235,183,110,45,1,9,7,30,573,47
2021-03-16,122,118,56,48,4,5,3,20,344,32
2021-03-17,235,175,99,48,5,7,3,9,557,24
2021-03-18,217,210,115,32,3,6,11,15,574,35
2021-03-19,183,171,98,51,1,4,11,26,503,42
2021-03-20,183,172,110,57,4,5,9,22,522,40
2021-03-21,283,286,127,67,2,6,2,8,763,18
2021-03-22,235,174,74,36,6,5,3,8,519,22
2021-03-23,158,122,67,23,2,8,8,10,370,28
2021-03-24,263,248,121,47,2,3,5,18,679,28
2021-03-25,223,228,107,45,6,7,7,17,603,37
2021-03-26,217,204,108,54,0,6,7,12,583,25
2021-03-27,242,225,125,30,2,7,3,5,622,17
2021-03-28,277,185,105,32,1,0,3,6,599,10
2021-03-29,221,174,111,33,3,2,13,18,539,36
2021-03-30,133,110,83,39,0,5,12,12,365,29
2021-03-31,151,135,94,31,3,5,5,6,411,19
2021-04-01,280,261,156,52,3,7,9,11,749,30
2021-04-02,227,195,119,46,5,10,5,4,587,24
2021-04-03,188,191,101,28,1,3,4,3,508,11
2021-04-04,174,151,99,29,0,5,4,4,453,13
2021-04-05,129,117,56,15,0,2,3,4,317,9
2021-04-06,186,148,83,26,1,7,13,15,443,36
2021-04-07,178,128,81,32,2,5,3,8,419,18
2021-04-08,121,162,88,23,1,5,4,9,394,19
2021-04-09,199,159,83,24,4,1,8,14,465,27
2021-04-10,184,166,79,26,1,9,4,3,455,17
2021-04-11,114,111,61,16,2,6,2,3,302,13
2021-04-12,144,151,78,20,0,7,10,9,393,26
2021-04-13,131,129,76,18,4,5,7,3,354,19
2021-04-14,152,150,112,15,0,4,7,8,429,19
2021-04-15,111,107,65,23,1,6,6,8,306,21
2021-04-16,164,146,85,24,2,1,4,5,419,12
2021-04-17,156,153,91,18,1,1,2,4,418,8
2021-04-18,98,90,64,14,1,4,11,2,266,18
2021-04-19,164,129,91,15,2,6,11,11,399,30
2021-04-20,128,131,93,35,3,8,7,8,387,26
2021-04-21,161,133,82,25,5,4,8,9,401,26
2021-04-22,228,198,141,45,3,3,5,5,612,16
2021-04-23,166,155,92,20,0,6,2,2,433,10
2021-04-24,201,141,98,18,3,2,3,2,458,10
2021-04-25,174,155,74,21,0,7,3,2,424,12
2021-04-26,178,154,86,19,11,6,10,2,437,29
2021-04-27,186,127,92,17,3,3,9,2,422,17
2021-04-28,162,119,70,18,1,5,6,6,369,18
2021-04-29,189,148,115,19,1,3,4,3,471,11
2021-04-30,235,186,100,20,2,4,1,4,541,11
2021-05-01,266,177,103,23,3,2,2,1,569,8
2021-05-02,155,161,73,11,2,1,3,4,400,10
2021-05-03,223,132,81,15,2,3,1,1,451,7
2021-05-04,174,124,73,4,2,8,5,4,375,19
2021-05-05,187,117,89,23,2,1,1,5,416,9
2021-05-06,166,143,67,16,2,2,4,4,392,12
2021-05-07,142,197,72,15,2,1,1,1,426,5
2021-05-08,154,159,78,16,2,4,3,2,407,11
2021-05-09,214,174,112,14,0,1,2,2,514,5
2021-05-10,154,140,75,12,2,6,7,3,381,18
2021-05-11,150,142,76,12,2,6,3,2,380,13
2021-05-12,169,184,84,14,2,3,2,1,451,8
2021-05-13,208,170,81,8,1,6,8,7,467,22
2021-05-14,238,210,112,21,2,3,0,2,581,7
2021-05-15,200,176,83,16,1,2,3,2,475,8
2021-05-16,126,106,69,6,0,1,1,0,307,2
2021-05-17,166,112,61,11,1,4,0,0,350,5
2021-05-18,161,117,62,10,0,4,5,3,350,12
2021-05-19,224,155,83,13,0,1,4,1,475,6
2021-05-20,202,128,78,10,1,2,6,0,418,9
2021-05-21,259,151,100,11,3,2,3,1,521,9
2021-05-22,189,95,61,3,2,1,1,0,348,4
2021-05-23,216,104,89,7,0,5,1,0,416,6
2021-05-24,169,106,38,4,2,3,7,2,317,14
2021-05-25,192,84,56,7,2,3,3,1,339,9
2021-05-26,233,128,70,5,1,3,1,0,436,5
2021-05-27,228,116,68,2,1,1,3,2,414,7
2021-05-28,207,136,74,9,1,1,2,0,426,4
2021-05-29,250,128,73,6,1,2,3,2,457,8
2021-05-30,179,116,66,7,1,3,2,1,368,7
2021-05-31,165,113,77,7,0,0,0,0,362,0
2021-06-01,150,114,48,3,1,4,2,0,315,7
2021-06-02,185,123,74,10,0,1,6,2,392,9
2021-06-03,229,149,92,8,1,4,2,0,478,7
2021-06-04,268,166,61,3,1,1,2,2,498,6
2021-06-05,206,124,50,15,1,0,1,1,395,3
2021-06-06,161,96,44,7,0,1,5,2,308,8
2021-06-07,178,107,67,10,1,1,2,0,362,4
2021-06-08,128,80,39,6,3,1,4,4,253,12
2021-06-09,127,89,35,9,0,4,5,2,260,11
2021-06-10,183,133,39,9,1,7,1,1,364,10
2021-06-11,135,104,36,3,0,3,2,2,278,7
2021-06-12,188,119,51,10,0,1,5,2,368,8
2021-06-13,145,111,41,8,0,0,3,0,305,3
2021-06-14,132,78,30,2,1,2,2,2,242,7
2021-06-15,127,91,32,8,2,1,2,0,258,5
2021-06-16,146,125,43,2,0,3,2,4,316,9
2021-06-17,169,121,51,9,1,2,1,1,350,5
2021-06-18,155,121,41,6,1,3,3,1,323,8
2021-06-19,164,115,37,11,2,1,1,0,327,4
2021-06-20,127,90,34,2,0,5,2,1,253,8
2021-06-21,89,80,29,6,0,1,0,2,204,3
2021-06-22,130,102,47,14,2,2,2,1,293,7
2021-06-23,160,122,45,11,1,0,5,1,338,7
2021-06-24,149,92,38,5,2,4,2,2,284,10
2021-06-25,177,113,42,12,3,2,1,0,344,6
2021-06-26,188,147,58,10,2,2,1,2,403,7
2021-06-27,172,115,60,8,1,0,1,2,355,4
2021-06-28,135,91,49,5,1,4,3,3,280,11
2021-06-29,170,107,65,9,1,2,1,1,351,5
2021-06-30,213,143,49,8,1,4,1,2,413,8
2021-07-01,206,161,49,14,4,1,0,1,430,6
2021-07-02,268,169,59,13,4,2,7,2,509,15
2021-07-03,280,168,54,10,4,5,2,3,512,14
2021-07-04,253,150,51,12,1,3,2,0,466,6
2021-07-05,206,122,35,6,2,3,3,0,369,8
2021-07-06,192,112,56,10,0,5,3,3,370,11
2021-07-07,305,185,72,17,2,3,3,2,579,10
2021-07-08,247,181,53,18,7,6,6,1,499,20
2021-07-09,342,187,60,12,3,3,1,4,601,11
2021-07-10,308,217,48,15,1,4,2,0,588,7
2021-07-11,255,169,51,6,3,3,1,0,481,7
2021-07-12,329,139,53,19,3,2,4,4,540,13
2021-07-13,271,125,35,15,3,5,3,3,446,14
2021-07-14,437,271,70,29,5,6,3,5,807,19
2021-07-15,482,337,75,29,5,2,5,5,923,17
2021-07-16,630,372,126,22,9,11,3,10,1150,33
2021-07-17,683,423,134,45,2,1,1,3,1285,7
2021-07-18,623,379,121,27,3,8,0,1,1150,12
2021-07-19,602,296,117,26,3,7,3,3,1041,16
2021-07-20,570,313,129,30,5,5,5,3,1042,18
2021-07-21,458,225,84,17,1,13,5,7,784,26
2021-07-22,825,465,166,43,5,5,1,6,1499,17
2021-07-23,896,485,162,37,3,5,4,5,1580,17
2021-07-24,756,432,142,42,3,1,2,6,1372,12
2021-07-25,579,327,112,46,1,5,0,6,1064,12
2021-07-26,728,394,118,28,4,4,5,2,1268,15
2021-07-27,529,302,106,19,4,12,7,15,956,38
2021-07-28,710,500,161,50,3,11,4,7,1421,25
2021-07-29,737,449,139,33,1,5,6,6,1358,18
2021-07-30,755,526,159,52,3,9,6,6,1492,24
2021-07-31,749,471,153,49,8,10,7,4,1422,29
2021-08-01,673,432,148,30,13,5,0,4,1283,22
2021-08-02,619,338,162,30,6,3,1,1,1149,11
2021-08-03,518,285,119,26,3,4,2,7,948,16
2021-08-04,230,144,53,24,8,8,5,19,451,40
2021-08-05,514,343,131,51,17,20,6,19,1039,62
2021-08-06,1479,997,354,105,8,13,8,11,2935,40
2021-08-07,842,513,216,60,5,9,5,8,1631,27
2021-08-08,955,587,231,86,1,4,3,3,1859,11
2021-08-09,738,397,183,49,3,1,5,6,1367,15
2021-08-10,472,227,129,31,2,20,8,20,859,50
2021-08-11,598,364,176,78,13,11,15,15,1216,54
2021-08-12,1099,680,320,111,8,11,6,11,2210,36
2021-08-13,978,552,275,110,6,19,6,16,1915,47
2021-08-14,1030,621,287,96,10,12,7,8,2034,37
2021-08-15,935,513,301,102,2,3,6,1,1851,12
2021-08-16,601,313,220,45,6,6,0,11,1179,23
2021-08-17,716,361,220,80,4,11,14,16,1377,45
2021-08-18,1036,581,357,143,9,8,12,12,2117,41
2021-08-19,860,492,305,104,5,8,11,11,1761,35
2021-08-20,708,441,235,102,8,12,16,20,1486,56
2021-08-21,1476,882,508,164,1,8,12,25,3030,46
2021-08-22,785,524,311,119,6,5,6,4,1739,21
2021-08-23,595,322,227,62,6,9,8,24,1206,47
2021-08-24,680,400,252,123,9,10,14,27,1455,60
2021-08-25,526,337,255,101,6,11,9,24,1219,50
2021-08-26,906,580,364,189,9,9,9,17,2039,44
2021-08-27,808,537,313,133,9,14,8,18,1791,49
2021-08-28,964,650,316,129,5,5,7,9,2059,26
2021-08-29,678,407,280,98,1,0,6,5,1463,12
2021-08-30,480,260,192,73,14,6,15,15,1005,50
2021-08-31,715,449,272,95,2,5,6,7,1531,20
2021-09-01,775,478,307,141,4,11,11,25,1701,51
2021-09-02,756,487,329,172,7,2,6,22,1744,37
2021-09-03,632,418,224,134,5,12,15,23,1408,55
2021-09-04,800,481,287,132,6,8,6,6,1700,26
2021-09-05,559,314,186,118,1,6,7,2,1177,16
2021-09-06,542,319,192,89,7,9,20,21,1142,57
2021-09-07,676,437,246,107,5,10,13,14,1466,42
2021-09-08,754,438,253,98,6,12,8,15,1543,41
2021-09-09,621,396,199,75,7,15,3,18,1291,43
2021-09-10,797,442,271,105,9,8,6,9,1615,32
2021-09-11,240,145,77,32,5,4,6,8,494,23
2021-09-12,931,491,276,103,3,6,4,6,1801,19
2021-09-13,727,381,187,85,9,5,12,30,1380,56
2021-09-14,582,300,181,110,1,8,10,18,1173,37
2021-09-15,582,304,219,76,5,6,9,17,1181,37
2021-09-16,710,360,243,98,9,4,7,18,1411,38
2021-09-17,660,382,235,112,9,8,8,17,1389,42
2021-09-18,696,394,251,110,2,9,3,9,1451,23
2021-09-19,625,325,189,85,2,3,3,8,1224,16
2021-09-20,538,348,190,76,4,9,16,32,1152,61
2021-09-21,611,387,258,157,7,9,4,11,1413,31
2021-09-22,667,428,253,83,3,8,9,20,1431,40
2021-09-23,604,397,232,119,4,8,8,14,1352,34
2021-09-24,495,368,209,89,4,7,12,24,1161,47
2021-09-25,576,426,220,110,3,1,4,8,1332,16
2021-09-26,643,427,273,115,3,2,6,4,1458,15
2021-09-27,457,292,216,80,8,13,13,29,1045,63
2021-09-28,589,454,295,157,5,10,8,21,1495,44
2021-09-29,589,417,299,141,7,13,14,19,1446,53
2021-09-30,483,368,273,143,7,6,11,20,1267,44
2021-10-01,386,327,237,111,1,9,12,19,1061,41
2021-10-02,597,491,314,180,1,1,4,4,1582,10
2021-10-03,379,311,250,110,2,2,4,2,1050,10
2021-10-04,337,257,193,105,5,15,18,32,892,70
2021-10-05,396,330,246,152,3,6,9,31,1124,49
2021-10-06,350,266,240,126,3,2,12,17,982,34
2021-10-07,446,333,289,135,6,11,17,30,1203,64
2021-10-08,720,596,426,257,7,16,13,26,1999,62
2021-10-09,692,593,418,233,2,4,5,12,1936,23
2021-10-10,485,381,336,180,4,6,5,9,1382,24
2021-10-11,441,421,347,149,7,8,13,36,1358,64
2021-10-12,495,424,346,200,4,12,18,36,1465,70
2021-10-13,708,670,445,240,1,6,12,21,2063,40
2021-10-14,542,514,375,195,6,13,18,31,1626,68
2021-10-15,667,570,437,238,8,12,10,34,1912,64
2021-10-16,685,681,522,292,2,0,3,5,2180,10
2021-10-17,472,392,327,189,5,7,4,12,1380,28
2021-10-18,531,447,390,207,14,12,17,50,1575,93
2021-10-19,828,712,532,325,6,14,22,30,2397,72
2021-10-20,713,655,517,254,6,9,11,23,2139,49
2021-10-21,682,641,461,241,6,6,9,27,2025,48
2021-10-22,872,742,555,290,3,10,7,19,2459,39
2021-10-23,842,765,543,274,3,9,5,12,2424,29
2021-10-24,566,502,446,209,2,7,5,7,1723,21
2021-10-25,608,526,473,237,3,6,7,13,1844,29
2021-10-26,760,650,528,250,4,8,13,34,2188,59
2021-10-27,533,473,414,206,7,15,21,33,1626,76
2021-10-28,833,796,661,310,6,10,10,28,2600,54
2021-10-29,829,865,564,290,2,10,15,38,2548,65
2021-10-30,893,1005,730,331,2,6,3,7,2959,18
2021-10-31,654,676,452,176,4,10,12,30,1958,56
2021-11-01,989,961,619,282,4,15,12,43,2851,74
2021-11-02,1278,1223,843,376,3,9,5,14,3720,31
2021-11-03,384,450,305,120,3,15,18,43,1259,79
2021-11-04,1486,1417,1035,413,6,11,15,32,4351,64
2021-11-05,1645,1488,992,384,6,20,28,27,4509,81
2021-11-06,1888,1697,1214,457,7,11,12,18,5256,48
2021-11-07,1120,965,668,281,7,3,13,7,3034,30
2021-11-08,1419,1159,873,275,14,8,13,28,3726,63
2021-11-09,1344,1109,804,312,5,13,28,44,3569,90
2021-11-10,1053,909,735,274,6,14,14,39,2971,73
2021-11-11,1350,1118,852,352,5,24,31,34,3672,94
2021-11-12,1977,1806,1199,494,8,11,11,31,5476,61
2021-11-13,1669,1541,1058,367,4,8,13,14,4635,39
2021-11-14,1331,1284,883,303,2,9,12,16,3801,39
2021-11-15,1694,1485,1048,342,16,20,29,38,4569,103
2021-11-16,1586,1408,1015,389,8,15,20,31,4398,74
2021-11-17,1355,1154,803,318,9,13,20,29,3630,71
2021-11-18,1730,1491,1019,405,5,12,23,20,4645,60
2021-11-19,1221,1017,669,229,2,12,19,26,3136,59
2021-11-20,2135,1991,1350,477,3,7,6,11,5953,27
2021-11-21,1600,1366,931,279,5,11,13,20,4176,49
2021-11-22,2139,1903,1203,427,6,20,15,24,5672,65
2021-11-23,1335,1257,838,299,7,15,14,22,3729,58
2021-11-24,1622,1281,859,283,3,8,16,22,4045,49
2021-11-25,1947,1491,1086,350,10,11,19,21,4874,61
2021-11-26,1972,1507,972,310,10,17,12,23,4761,62
2021-11-27,1935,1628,1025,316,11,3,11,11,4904,36
2021-11-28,1545,1309,775,241,1,1,7,7,3870,16
2021-11-29,1902,1453,999,299,8,9,9,22,4653,48
2021-11-30,2207,1839,1160,333,6,10,21,21,5539,58
2021-12-01,1561,1307,877,215,13,8,17,30,3960,68
2021-12-02,1723,1412,904,252,9,14,21,29,4291,73
2021-12-03,2416,1803,1077,308,7,17,18,22,5604,64
2021-12-04,2329,1982,1205,266,5,7,11,6,5782,29
2021-12-05,2053,1839,1099,252,3,6,4,8,5243,21
2021-12-06,1186,1066,629,136,10,17,25,28,3017,80
2021-12-07,2220,1893,1249,269,13,24,16,13,5631,66
2021-12-08,1697,1508,920,170,6,12,17,19,4295,54
2021-12-09,1636,1506,829,176,4,16,16,10,4147,46
2021-12-10,1551,1674,840,175,9,10,15,15,4240,49
2021-12-11,1542,1572,851,161,3,8,9,7,4126,27
2021-12-12,1844,1760,948,185,4,4,8,6,4737,22
2021-12-13,1862,1663,1011,201,11,13,17,28,4737,69
2021-12-14,1501,1477,775,196,7,20,23,21,3949,71
2021-12-15,1603,1695,924,167,6,14,9,11,4389,40
2021-12-16,1558,1764,822,165,13,19,12,17,4309,61
2021-12-17,1367,1652,699,123,9,22,15,21,3841,67
2021-12-18,2532,3232,1464,252,7,10,10,15,7480,42
2021-12-19,1876,2185,1008,179,2,5,9,5,5248,21
2021-12-20,1823,1980,929,170,7,10,9,13,4902,39
2021-12-21,2035,2202,1053,173,11,20,17,27,5463,75
2021-12-22,1782,2206,925,200,9,23,18,9,5113,59
2021-12-23,2111,2674,1005,159,11,17,14,22,5949,64
2021-12-24,3355,4495,1603,270,11,23,5,14,9723,53
2021-12-25,3123,4338,1422,240,1,4,1,1,9123,7
2021-12-26,1142,1403,548,73,0,0,2,1,3166,3
2021-12-27,294,459,140,25,5,5,6,5,918,21
2021-12-28,2125,2608,952,159,5,11,5,6,5844,27
2021-12-29,4065,4857,1974,311,10,15,16,21,11207,62
2021-12-30,4920,5397,2480,415,19,22,22,41,13212,104
2021-12-31,5030,5499,2681,481,31,48,26,37,13691,142
2022-01-01,5399,6095,2978,617,23,43,17,31,15089,114
2022-01-02,3919,4440,2182,403,8,17,25,24,10944,74
2022-01-03,3962,4414,2171,456,26,44,31,32,11003,133
2022-01-04,3955,4706,2262,491,14,17,13,25,11414,69
2022-01-05,4932,6111,3047,675,17,26,15,30,14765,88
2022-01-06,4769,5594,2654,586,15,32,20,24,13603,91
2022-01-07,6144,7208,3604,860,15,20,15,24,17816,74
2022-01-08,5470,6356,3236,810,16,27,26,28,15872,97
2022-01-09,4270,4698,2431,622,18,37,18,23,12021,96
2022-01-10,3516,3872,2037,529,43,46,39,91,9954,219
2022-01-11,4252,4868,2674,712,37,56,28,74,12506,195
2022-01-12,5982,6734,3742,949,19,30,20,49,17407,118
2022-01-13,5714,6344,3322,764,17,22,13,39,16144,91
2022-01-14,3819,4132,2334,550,7,19,14,33,10835,73
2022-01-15,5487,6317,3246,776,16,23,13,21,15826,73
2022-01-16,3424,3647,2115,498,4,10,5,7,9684,26
2022-01-17,3311,3363,1921,450,16,17,4,21,9045,58
2022-01-18,3515,3704,1980,512,8,17,6,31,9711,62
2022-01-19,5942,5891,3294,902,32,41,25,51,16029,149
2022-01-20,6283,6116,3540,998,21,16,29,44,16937,110
2022-01-21,6713,6290,3778,1087,33,36,24,65,17868,158
2022-01-22,6976,6581,3927,1134,16,18,19,49,18618,102
2022-01-23,4651,4080,2486,759,14,15,22,61,11976,112
2022-01-24,4441,3819,2207,748,24,28,24,77,11215,153
2022-01-25,6856,5944,3359,1127,33,32,33,98,17286,196
2022-01-26,8055,6810,3979,1239,42,44,53,105,20083,244
2022-01-27,7378,6909,4218,1341,41,49,53,120,19846,263
2022-01-28,7214,6972,4168,1442,68,97,71,165,19796,401
2022-01-29,6842,7453,4601,1461,92,93,63,153,20357,401
2022-01-30,6629,7766,4634,1464,2,8,7,4,20493,21
2022-01-31,1224,1242,804,198,37,37,37,54,3468,165
2022-02-01,2656,2678,1774,479,26,36,22,71,7587,155
2022-02-02,1903,1880,1145,365,14,16,19,38,5293,87
2022-02-03,1464,1476,883,240,11,17,5,16,4063,49
2022-02-04,1618,1779,1059,248,17,26,34,41,4704,118
2022-02-05,2889,3336,2072,509,0,7,3,10,8806,20
2022-02-06,764,905,594,146,12,11,15,23,2409,61
2022-02-07,2047,2096,1486,413,17,30,21,75,6042,143
2022-02-08,1406,1652,1237,394,23,22,12,47,4689,104
2022-02-09,813,1012,661,208,20,15,20,39,2694,94
2022-02-10,1749,1911,1495,357,23,30,26,47,5512,126
2022-02-11,2355,3077,2255,570,16,21,15,18,8257,70
2022-02-12,1560,2327,1711,429,1,5,3,10,6027,19
2022-02-13,850,1183,864,241,7,3,5,9,3138,24
2022-02-14,1250,1615,1380,413,14,24,26,59,4658,123
2022-02-15,1102,1447,1185,410,7,16,15,50,4144,88
2022-02-16,1343,1913,1520,473,22,14,21,54,5249,111
2022-02-17,1285,1842,1342,543,15,19,20,65,5012,119
2022-02-18,1212,1763,1370,455,22,18,17,40,4800,97
2022-02-19,1186,1815,1350,487,6,9,9,20,4838,44
2022-02-20,842,1154,1022,328,1,3,3,10,3346,17
2022-02-21,828,1214,1103,321,25,22,16,53,3466,116
2022-02-22,718,1151,1002,390,7,13,23,61,3261,104
2022-02-23,917,1448,1319,453,14,19,14,39,4137,86
2022-02-24,826,1353,1089,481,7,14,17,33,3749,71
2022-02-25,931,1595,1310,484,12,9,8,37,4320,66
2022-02-26,780,1287,1149,406,5,5,9,28,3622,47
2022-02-27,538,746,750,298,2,2,3,11,2332,18
2022-02-28,504,735,784,250,15,25,31,80,2273,151
2022-03-01,684,1130,1029,440,20,32,28,88,3283,168
2022-03-02,700,1144,1065,421,15,26,25,61,3330,127
2022-03-03,975,1474,1051,529,12,11,15,62,4029,100
2022-03-04,901,1603,1040,471,20,18,25,80,4015,143
2022-03-05,907,1483,1024,482,5,8,5,19,3896,37
2022-03-06,285,431,363,170,6,7,6,19,1249,38
2022-03-07,642,860,617,262,30,32,32,147,2381,241
2022-03-08,1094,1573,1142,596,24,25,25,66,4405,140
2022-03-09,405,598,474,224,23,17,31,64,1701,135
2022-03-10,1088,1495,1034,440,15,36,18,116,4057,185
2022-03-11,2234,3414,2522,1000,27,26,33,86,9170,172
2022-03-12,995,1652,1228,506,4,8,6,30,4381,48
2022-03-13,1481,1995,1422,567,4,8,3,29,5465,44
2022-03-14,575,724,545,246,36,25,44,142,2090,247
2022-03-15,1565,2190,1751,768,21,18,24,102,6274,165
2022-03-16,1307,1916,1471,738,19,20,30,95,5432,164
2022-03-17,1275,1831,1427,679,8,17,26,59,5212,110
2022-03-18,1234,2050,1609,723,4,7,6,25,5616,42
2022-03-19,1180,1811,1295,494,8,9,9,31,4780,57
2022-03-20,1260,1835,1423,545,6,6,11,33,5063,56
2022-03-21,943,1419,1191,464,28,48,63,195,4017,334
2022-03-22,1718,2816,2217,955,34,50,75,217,7706,376
2022-03-23,1406,2698,2000,911,35,45,45,148,7015,273
2022-03-24,1807,3461,2594,1035,25,36,38,183,8897,282
2022-03-25,1870,3598,2737,1120,22,28,36,124,9325,210
2022-03-26,1431,3113,2328,873,6,17,16,55,7745,94
2022-03-27,1395,2617,2102,816,6,13,12,36,6930,67
2022-03-28,1021,1987,1658,593,36,56,50,248,5259,390
2022-03-29,1067,2096,1831,941,32,30,50,165,5935,277
2022-03-30,934,1943,1641,839,23,44,34,125,5357,226
2022-03-31,972,1937,1524,803,22,26,61,157,5236,266
2022-04-01,1059,2135,1733,807,12,18,24,118,5734,172
2022-04-02,671,1348,1092,629,9,14,14,45,3740,82
2022-04-03,405,802,747,337,7,13,16,36,2291,72
2022-04-04,653,1144,932,426,29,33,36,160,3155,258
2022-04-05,501,929,754,544,17,26,39,143,2728,225
2022-04-06,741,1452,1196,671,23,38,36,127,4060,224
2022-04-07,559,1096,923,559,16,25,24,97,3137,162
2022-04-08,466,1059,807,497,14,17,21,92,2829,144
2022-04-09,469,938,789,546,7,4,16,36,2742,63
2022-04-10,247,483,445,262,0,2,2,12,1437,16
2022-04-11,324,607,499,282,10,19,16,94,1712,139
2022-04-12,307,596,496,338,14,25,35,124,1737,198
2022-04-13,305,764,584,431,16,16,20,63,2084,115
2022-04-14,337,676,576,340,10,19,26,71,1929,126
2022-04-15,239,659,520,353,14,17,18,95,1771,144
2022-04-16,277,586,436,365,4,9,10,40,1664,63
2022-04-17,126,296,274,155,10,16,4,33,851,63
2022-04-18,314,618,473,259,1,1,2,9,1664,13
2022-04-19,114,293,254,116,23,24,40,128,777,215
2022-04-20,207,477,404,306,11,15,32,66,1394,124
2022-04-21,194,526,445,245,9,16,31,72,1410,128
2022-04-22,155,420,347,241,9,11,14,29,1163,63
2022-04-23,225,598,483,231,2,5,8,11,1537,26
2022-04-24,105,262,242,95,1,1,5,14,704,21
2022-04-25,152,387,359,156,16,22,23,106,1054,167
2022-04-26,177,421,349,278,8,18,11,35,1225,72
2022-04-27,130,369,289,185,4,9,12,39,973,64
2022-04-28,167,400,383,191,3,21,18,43,1141,85
2022-04-29,130,349,312,173,6,8,18,37,964,69
2022-04-30,87,259,254,175,2,0,5,14,775,21
2022-05-01,26,47,60,56,2,3,4,6,189,15
2022-05-02,146,271,264,101,3,2,3,15,782,23
2022-05-03,64,175,172,77,7,17,19,70,488,113
2022-05-04,137,305,323,262,14,25,16,60,1027,115
2022-05-05,179,399,347,253,12,19,13,45,1178,89
2022-05-06,144,322,284,177,12,7,13,32,927,64
2022-05-07,126,300,283,153,2,6,4,17,862,29
2022-05-08,83,214,195,118,1,1,3,6,610,11
2022-05-09,69,197,154,75,9,10,10,36,495,65
2022-05-10,71,162,133,109,7,9,6,25,475,47
2022-05-11,132,314,285,149,6,11,8,29,880,54
2022-05-12,119,300,234,131,5,5,7,25,784,42
2022-05-13,74,197,176,94,9,10,7,52,541,78
2022-05-14,129,335,252,176,2,3,3,8,892,16
2022-05-15,36,51,58,42,0,2,3,3,187,8
2022-05-16,92,234,246,96,10,16,17,48,668,91
2022-05-17,45,118,108,139,7,7,10,42,410,66
2022-05-18,107,317,260,158,1,0,3,7,842,11
2022-05-19,125,339,260,108,2,5,9,24,832,40
2022-05-20,24,85,92,60,3,2,4,15,261,24
2022-05-21,96,235,210,101,1,0,1,3,642,5
2022-05-22,76,180,138,65,0,1,1,6,459,8
2022-05-23,90,212,229,88,8,17,8,63,619,96
2022-05-24,62,153,136,125,0,0,3,3,476,6
2022-05-25,108,274,254,89,9,13,8,36,725,66
2022-05-26,87,199,168,103,5,6,1,8,557,20
2022-05-27,73,197,157,73,6,16,14,41,500,77
2022-05-28,108,343,282,167,0,0,0,5,900,5
2022-05-29,41,118,138,52,0,0,0,3,349,3
2022-05-30,52,147,133,56,7,9,8,38,388,62
2022-05-31,110,300,289,152,17,13,13,38,851,81
2022-06-01,89,186,190,141,4,18,12,39,606,73
2022-06-02,104,348,249,143,8,10,10,41,844,69
2022-06-03,124,399,354,175,5,9,11,34,1052,59
2022-06-04,103,304,274,107,0,2,3,3,788,8
2022-06-05,23,45,49,18,0,0,1,5,135,6
2022-06-06,134,308,341,100,1,0,4,12,883,17
2022-06-07,64,177,171,62,15,18,7,48,474,88
2022-06-08,105,336,305,159,15,14,20,66,905,115
2022-06-09,79,247,273,160,6,18,17,64,759,105
2022-06-10,257,889,687,271,6,13,16,51,2104,86
2022-06-11,174,608,517,198,0,7,3,8,1497,18
2022-06-12,25,78,72,38,3,3,5,15,213,26
2022-06-13,120,358,315,94,7,10,14,42,887,73
2022-06-14,64,194,187,100,26,21,25,111,545,183
2022-06-15,357,1058,936,385,15,16,27,61,2736,119
2022-06-16,266,906,758,256,7,29,17,70,2186,123
2022-06-17,119,432,313,187,12,13,20,31,1051,76
2022-06-18,189,590,527,163,5,6,6,12,1469,29
2022-06-19,219,622,527,178,3,5,4,8,1546,20
2022-06-20,134,397,354,95,19,29,36,97,980,181
2022-06-21,216,574,509,245,8,28,11,55,1544,102
2022-06-22,151,478,422,171,28,25,34,103,1222,190
2022-06-23,350,1086,855,369,14,17,30,82,2660,143
2022-06-24,351,1025,824,330,23,21,33,84,2530,161
2022-06-25,261,696,499,216,5,6,5,18,1672,34
2022-06-26,299,752,600,179,3,0,2,7,1830,12
2022-06-27,223,533,439,114,16,16,23,108,1309,163
2022-06-28,225,564,515,268,22,25,29,91,1572,167
2022-06-29,301,723,694,274,20,26,36,102,1992,184
2022-06-30,399,1048,801,331,16,29,33,70,2579,148
2022-07-01,327,875,713,318,12,11,18,60,2233,101
2022-07-02,288,807,642,231,0,2,7,6,1968,15
2022-07-03,195,426,378,115,6,6,11,12,1114,35
2022-07-04,508,1161,1010,233,22,43,45,158,2912,268
2022-07-05,239,604,556,351,15,23,23,65,1750,126
2022-07-06,264,713,604,212,20,34,37,132,1793,223
2022-07-07,418,1083,943,378,13,33,35,111,2822,192
2022-07-08,235,675,566,305,8,26,23,105,1781,162
2022-07-09,601,1618,1172,433,9,5,12,33,3824,59
2022-07-10,320,702,638,230,2,0,3,7,1890,12
2022-07-11,48,99,116,51,27,26,37,132,314,222
2022-07-12,368,801,810,355,15,13,31,117,2334,176
2022-07-13,134,412,403,254,34,26,40,124,1203,224
2022-07-14,425,1102,961,424,19,18,37,106,2912,180
2022-07-15,266,688,587,318,10,8,22,69,1859,109
2022-07-16,256,829,674,280,0,11,9,26,2039,46
2022-07-17,145,389,305,158,3,0,4,7,997,14
2022-07-18,91,245,180,55,18,27,34,94,571,173
2022-07-19,158,383,342,225,13,9,26,86,1108,134
2022-07-20,168,434,434,240,6,8,21,87,1276,122
2022-07-21,128,391,345,190,6,10,14,39,1054,69
2022-07-22,119,378,302,130,8,15,12,39,929,74
2022-07-23,134,368,299,149,3,9,6,4,950,22
2022-07-24,41,137,83,31,2,2,3,11,292,18
2022-07-25,17,41,42,33,15,23,30,64,133,132
2022-07-26,139,332,326,176,10,8,22,38,973,78
2022-07-27,54,177,175,111,23,29,41,105,517,198
2022-07-28,126,330,366,239,6,8,13,32,1061,59
2022-07-29,89,228,182,99,7,11,10,40,598,68
2022-07-30,70,208,170,108,0,0,1,5,556,6
2022-07-31,11,41,30,22,0,0,3,2,104,5
2022-08-01,56,173,159,35,0,1,1,2,423,4
2022-08-02,20,83,76,25,6,12,20,59,204,97
2022-08-03,52,161,175,116,10,11,17,56,504,94
2022-08-04,46,213,209,122,13,7,7,39,590,66
2022-08-05,82,229,162,98,8,10,12,33,571,63
2022-08-06,63,154,118,124,2,3,8,15,459,28
2022-08-07,36,99,93,42,0,2,1,1,270,4
2022-08-08,32,115,86,22,10,15,20,47,255,92
2022-08-09,74,183,142,102,8,9,8,26,501,51
2022-08-10,79,176,190,89,15,27,31,96,534,169
2022-08-11,81,242,260,230,2,6,5,23,813,36
2022-08-12,56,123,114,64,10,4,1,10,357,25
2022-08-13,48,100,80,29,1,4,8,26,257,39
2022-08-14,24,87,86,67,0,0,1,1,264,2
2022-08-15,24,76,53,21,20,14,27,68,174,129
2022-08-16,69,148,173,141,6,9,15,39,531,69
2022-08-17,45,123,138,78,10,8,14,39,384,71
2022-08-18,38,75,71,77,9,7,13,25,261,54
2022-08-19,59,142,138,79,11,3,9,26,418,49
2022-08-20,38,92,58,48,1,1,2,12,236,16
2022-08-21,6,14,12,20,0,0,0,1,52,1
2022-08-22,2,3,2,3,6,15,11,50,10,82
2022-08-23,58,178,146,99,5,12,14,46,481,77
2022-08-24,39,111,103,82,3,7,7,27,335,44
2022-08-25,27,67,75,65,5,6,12,35,234,58
2022-08-26,46,102,99,75,5,8,10,29,322,52
2022-08-27,42,115,90,76,1,2,7,12,323,22
2022-08-28,6,47,40,21,0,0,0,4,114,4
2022-08-29,4,6,6,11,9,10,18,37,27,74
2022-08-30,78,185,173,121,5,4,4,15,557,28
2022-08-31,14,20,17,24,8,14,25,52,75,99
2022-09-01,53,150,181,114,2,5,7,22,498,36
2022-09-02,35,114,92,72,4,5,8,27,313,44
2022-09-03,38,126,95,77,3,3,7,17,336,30
2022-09-04,18,60,39,30,0,0,0,3,147,3
2022-09-05,1,9,6,9,17,8,17,41,25,83
2022-09-06,90,183,150,97,0,3,5,16,520,24
2022-09-07,20,85,83,52,3,10,10,40,240,63
2022-09-08,35,94,65,94,4,9,11,17,288,41
2022-09-09,30,81,72,40,7,4,8,26,223,45
2022-09-10,27,77,73,64,3,2,7,16,241,28
2022-09-11,8,47,33,28,0,0,1,3,116,4
2022-09-12,2,7,7,6,14,6,17,53,22,90
2022-09-13,85,145,126,99,2,6,3,16,455,27
2022-09-14,38,87,82,49,7,6,13,34,256,60
2022-09-15,39,90,83,62,2,8,5,25,274,40
2022-09-16,24,71,59,41,1,8,10,29,195,48
2022-09-17,27,99,112,75,0,0,1,5,313,6
2022-09-18,1,5,6,7,0,1,7,0,19,8
2022-09-19,1,27,16,3,6,12,15,46,47,79
2022-09-20,47,207,162,112,5,7,6,43,528,61
2022-09-21,26,104,97,83,6,0,10,37,310,53
2022-09-22,31,56,87,74,6,6,13,44,248,69
2022-09-23,41,135,152,81,12,5,10,36,409,63
2022-09-24,35,122,107,78,0,1,0,3,342,4
2022-09-25,0,7,5,11,0,0,2,3,23,5
2022-09-26,3,6,10,6,4,0,13,32,25,49
2022-09-27,19,93,105,72,5,5,10,52,289,72
2022-09-28,32,143,172,117,5,13,26,52,464,96
2022-09-29,29,151,155,124,5,5,11,42,459,63
2022-09-30,26,106,113,87,5,9,15,43,332,72
2022-10-01,31,92,88,93,0,1,3,12,304,16
2022-10-02,1,11,12,23,1,3,1,3,47,8
2022-10-03,19,89,100,57,9,17,31,104,265,161
2022-10-04,45,140,150,201,2,6,5,47,536,60
2022-10-05,37,127,126,131,10,6,15,42,421,73
2022-10-06,39,99,114,102,5,5,9,37,354,56
2022-10-07,27,99,123,99,6,7,11,63,348,87
2022-10-08,24,113,126,126,0,0,2,2,389,4
2022-10-09,1,4,7,7,2,1,0,7,19,10
2022-10-10,4,7,9,13,12,18,23,92,33,145
2022-10-11,47,208,229,219,7,10,15,63,703,95
2022-10-12,30,93,124,106,11,7,12,67,353,97
2022-10-13,34,102,119,148,2,6,10,30,403,48
2022-10-14,26,127,120,88,7,4,11,33,361,55
2022-10-15,23,67,83,73,1,5,3,7,246,16
2022-10-16,7,43,27,28,0,0,2,9,105,11
2022-10-17,1,5,6,16,6,13,18,72,28,109
2022-10-18,60,189,204,180,5,5,8,51,633,69
2022-10-19,22,98,87,108,5,4,23,66,315,98
2022-10-20,42,115,126,138,6,11,19,53,421,89
2022-10-21,26,100,107,97,2,1,11,39,330,53
2022-10-22,22,81,76,74,3,1,0,6,253,10
2022-10-23,7,8,3,10,0,2,2,16,28,20
2022-10-24,17,114,85,56,6,9,14,82,272,111
2022-10-25,19,93,126,126,7,5,14,88,364,114
2022-10-26,26,107,106,136,6,3,12,57,375,78
2022-10-27,32,82,104,97,12,8,7,48,315,75
2022-10-28,27,93,86,101,4,3,12,44,307,63
2022-10-29,26,91,98,101,3,0,1,4,316,8
2022-10-30,6,10,8,5,0,0,1,0,29,1
2022-10-31,2,4,2,1,0,2,1,9,9,12
2022-11-01,2,14,19,24,6,9,25,59,59,99
2022-11-02,56,166,189,146,10,8,9,68,557,95
2022-11-03,33,97,88,109,9,6,6,31,327,52
2022-11-04,27,89,59,59,3,4,9,33,234,49
2022-11-05,24,68,66,57,0,0,1,2,215,3
2022-11-06,2,2,9,5,0,3,1,6,18,10
2022-11-07,29,64,68,30,12,18,35,112,191,177
2022-11-08,41,153,153,180,7,8,18,49,527,82
2022-11-09,30,118,118,86,4,3,7,52,352,66
2022-11-10,25,69,85,83,5,6,9,33,262,53
2022-11-11,22,81,70,53,6,13,17,49,226,85
2022-11-12,23,103,64,93,0,0,0,2,283,2
2022-11-13,4,12,10,7,0,0,3,7,33,10
2022-11-14,2,8,10,9,10,14,22,66,29,112
2022-11-15,56,147,148,112,3,9,14,41,463,67
2022-11-16,28,98,104,68,7,6,16,48,298,77
2022-11-17,25,76,76,102,6,3,5,35,279,49
2022-11-18,23,48,47,61,9,6,7,47,179,69
2022-11-19,19,70,57,68,0,0,1,0,214,1
2022-11-20,2,6,8,2,0,1,1,7,18,9
2022-11-21,1,6,7,12,7,5,22,78,26,112
2022-11-22,53,126,120,127,2,5,15,58,426,80
2022-11-23,22,81,76,86,6,5,17,54,265,82
2022-11-24,46,122,124,93,3,5,6,33,385,47
2022-11-25,21,70,65,61,3,10,12,47,217,72
2022-11-26,23,89,73,80,0,0,1,3,265,4
2022-11-27,2,5,9,9,2,0,2,12,25,16
2022-11-28,16,68,68,35,7,17,10,78,187,112
2022-11-29,47,99,111,120,4,8,11,31,377,54
2022-11-30,27,117,96,64,6,8,15,60,304,89
2022-12-01,18,106,102,93,5,5,9,34,319,53
2022-12-02,28,109,87,54,6,10,22,72,278,110
2022-12-03,40,114,96,121,0,1,1,6,371,8
2022-12-04,1,2,1,11,0,1,1,12,15,14
2022-12-05,1,6,4,13,6,18,29,73,24,126
2022-12-06,37,206,191,122,10,11,15,78,556,114
2022-12-07,33,115,130,126,11,9,14,43,404,77
2022-12-08,34,91,99,70,3,9,19,62,294,93
2022-12-09,25,163,130,111,7,10,10,26,429,53
2022-12-10,13,69,52,45,0,3,0,4,179,7
2022-12-11,2,27,16,8,0,2,1,3,53,6
2022-12-12,34,182,167,44,9,20,25,100,427,154
2022-12-13,38,176,120,182,7,12,17,93,516,129
2022-12-14,35,149,124,148,11,16,15,77,456,119
2022-12-15,44,187,164,122,11,13,22,88,517,134
2022-12-16,48,203,163,135,15,8,21,76,549,120
2022-12-17,47,181,153,125,0,0,0,3,506,3
2022-12-18,13,68,50,16,0,1,1,9,147,11
2022-12-19,12,96,88,28,16,16,35,137,224,204
2022-12-20,50,155,145,202,5,7,17,112,552,141
2022-12-21,44,273,222,184,9,13,32,152,723,206
2022-12-22,58,233,228,243,6,12,22,90,762,130
2022-12-23,46,226,190,151,9,9,23,106,613,147
2022-12-24,53,245,220,209,0,2,5,7,727,14
2022-12-25,15,70,67,47,0,0,0,0,199,0
2022-12-26,20,126,83,22,0,0,4,15,251,19
2022-12-27,7,29,40,33,0,2,9,32,109,43
2022-12-28,7,33,38,45,26,28,41,172,123,267
2022-12-29,110,308,250,300,10,16,18,98,968,142
2022-12-30,53,174,179,215,7,10,24,82,621,123
2022-12-31,53,246,208,202,1,1,4,6,709,12
2023-01-01,14,60,65,29,0,1,0,3,168,4
2023-01-02,13,42,36,12,4,2,7,24,103,37
2023-01-03,8,31,23,35,20,20,26,153,97,219
2023-01-04,111,335,320,303,16,16,30,98,1069,160
2023-01-05,54,167,174,189,26,21,33,138,584,218
2023-01-06,99,282,240,302,9,7,19,79,923,114
2023-01-07,52,207,175,140,1,1,6,13,574,21
2023-01-08,7,37,46,24,0,0,2,4,114,6
2023-01-09,22,66,60,19,12,17,30,101,167,160
2023-01-10,55,123,136,176,5,11,5,43,490,64
2023-01-11,30,98,104,112,10,8,23,79,344,120
2023-01-12,33,78,83,144,0,4,6,45,338,55
2023-01-13,18,61,52,80,8,12,10,52,211,82
2023-01-14,25,61,52,90,1,1,2,9,228,13
2023-01-15,6,13,21,10,1,0,1,6,50,8
2023-01-16,2,8,8,13,11,20,19,97,31,147
2023-01-17,36,79,102,145,8,5,12,35,362,60
2023-01-18,15,20,31,45,6,3,11,42,111,62
2023-01-19,19,54,60,89,3,1,12,37,222,53
2023-01-20,8,24,32,53,0,8,9,37,117,54
2023-01-21,8,27,43,67,0,2,0,1,145,3
2023-01-22,4,13,9,3,0,0,1,4,29,5
2023-01-23,1,5,4,5,8,7,26,66,15,107
2023-01-24,24,71,66,105,5,3,8,32,266,48
2023-01-25,14,17,33,49,9,5,14,42,113,70
2023-01-26,29,46,54,72,4,1,6,32,201,43
2023-01-27,14,29,33,48,5,4,8,26,124,43
2023-01-28,8,26,37,46,0,0,0,1,117,1
2023-01-29,0,2,4,3,0,0,0,0,9,0
2023-01-30,0,0,0,0,0,0,0,0,0,0
2023-01-31,0,0,0,0,10,9,12,65,0,96
2023-02-01,28,82,76,96,9,5,19,49,282,82
2023-02-02,18,49,64,77,7,7,8,29,208,51
2023-02-03,16,45,33,49,6,6,2,16,143,30
2023-02-04,10,34,22,30,0,1,1,3,96,5
2023-02-05,1,4,2,4,0,0,0,3,11,3
2023-02-06,1,3,3,3,0,1,0,3,10,4
2023-02-07,1,23,17,12,9,11,15,70,53,105
2023-02-08,23,65,46,99,7,10,10,32,233,59
2023-02-09,18,43,38,55,0,6,7,17,154,30
2023-02-10,10,29,37,39,4,8,8,38,115,58
2023-02-11,16,32,24,61,0,0,0,0,133,0
2023-02-12,1,2,5,0,1,0,1,0,8,2
2023-02-13,2,8,5,0,8,11,12,45,15,76
2023-02-14,27,81,71,72,3,3,8,16,251,30
2023-02-15,9,24,21,21,6,2,9,39,75,56
2023-02-16,11,53,41,66,5,5,6,26,171,42
2023-02-17,12,44,33,46,1,4,5,30,135,40
2023-02-18,8,28,25,52,6,0,1,4,113,11
2023-02-19,9,3,2,5,0,0,0,0,19,0
2023-02-20,0,0,0,0,9,6,7,33,0,55
2023-02-21,19,68,57,62,2,4,4,20,206,30
2023-02-22,7,39,26,44,6,4,3,28,116,41
2023-02-23,16,34,28,43,3,3,4,13,121,23
2023-02-24,7,25,36,26,4,2,9,21,94,36
2023-02-25,14,30,34,32,1,0,1,0,110,2
2023-02-26,1,1,1,0,0,1,0,4,3,5
2023-02-27,1,1,0,4,10,1,4,25,6,40
2023-02-28,25,63,47,40,6,1,5,26,175,38
2023-03-01,18,24,35,37,3,3,7,30,114,43
2023-03-02,9,27,31,44,4,4,6,25,111,39
2023-03-03,10,13,16,31,0,2,1,11,70,14
2023-03-04,3,26,19,19,0,0,0,2,67,2
2023-03-05,0,0,0,2,0,0,0,0,2,0
2023-03-06,0,0,0,0,3,4,20,80,0,107
2023-03-07,22,71,86,112,3,2,7,19,291,31
2023-03-08,6,14,14,37,3,4,9,38,71,54
2023-03-09,21,62,48,59,1,9,10,38,190,58
2023-03-10,8,24,25,69,2,1,8,24,126,35
2023-03-11,10,46,57,46,0,1,1,2,159,4
2023-03-12,0,3,2,3,0,0,0,0,8,0
2023-03-13,0,0,0,0,8,7,14,32,0,61
2023-03-14,28,71,74,64,3,9,11,55,237,78
2023-03-15,11,71,50,82,1,7,8,35,214,51
2023-03-16,3,21,18,36,2,6,9,38,78,55
2023-03-17,17,63,65,79,0,0,0,2,224,2
2023-03-18,0,0,0,2,0,0,0,1,2,1
2023-03-19,1,0,0,2,0,0,0,0,3,0
2023-03-20,0,0,0,0,18,14,23,97,0,152
2023-03-21,37,83,97,142,3,7,10,43,359,63
2023-03-22,15,56,43,59,10,6,8,75,173,99
2023-03-23,31,86,68,115,3,3,7,19,300,32
2023-03-24,12,48,51,34,3,9,17,60,145,89
2023-03-25,18,104,82,103,0,0,0,0,307,0
2023-03-26,0,0,0,0,0,0,0,3,0,3
2023-03-27,0,0,3,8,15,9,10,66,11,100
2023-03-28,37,107,96,110,8,7,10,66,350,91
2023-03-29,13,30,29,84,2,5,7,27,156,41
2023-03-30,23,79,74,67,3,9,20,76,243,108
2023-03-31,18,64,73,119,1,4,12,37,274,54
2023-04-01,6,22,31,53,0,0,0,0,112,0
2023-04-02,0,0,0,0,0,0,0,0,0,0
2023-04-03,0,0,0,0,9,12,17,63,0,101
2023-04-04,17,32,40,94,6,11,19,72,183,108
2023-04-05,14,36,35,114,1,2,11,47,199,61
2023-04-06,3,5,19,53,11,5,7,48,80,71
2023-04-07,23,18,15,71,2,2,3,26,127,33
2023-04-08,3,8,9,49,0,1,1,8,69,10
2023-04-09,0,3,1,13,0,0,0,0,17,0
2023-04-10,0,0,0,0,0,0,0,0,0,0
2023-04-11,0,0,0,0,2,4,10,23,0,39
2023-04-12,7,18,15,41,9,9,25,116,81,159
2023-04-13,16,38,42,166,6,1,13,46,262,66
2023-04-14,15,18,30,95,2,5,2,32,158,41
2023-04-15,6,15,10,46,0,0,1,2,77,3
2023-04-16,1,1,5,7,0,0,2,5,14,7
2023-04-17,0,1,2,6,4,11,16,77,9,108
2023-04-18,10,33,25,102,7,7,10,55,170,79
2023-04-19,15,21,19,81,3,3,4,29,136,39
2023-04-20,9,9,10,44,5,3,7,57,72,72
2023-04-21,9,20,20,83,3,2,7,28,132,40
2023-04-22,7,15,15,54,0,0,0,0,91,0
2023-04-23,0,0,0,0,0,0,0,0,0,0
2023-04-24,0,0,0,0,5,6,10,71,0,92
2023-04-25,8,22,24,109,1,8,10,30,163,49
2023-04-26,4,16,17,47,3,7,3,27,84,40
2023-04-27,5,11,8,40,6,7,5,33,64,51
2023-04-28,12,20,14,53,1,3,4,18,99,26
2023-04-29,7,10,10,21,2,1,4,7,48,14
2023-04-30,2,2,9,10,0,0,0,0,23,0
2023-05-01,0,0,0,0,0,1,1,2,0,4
2023-05-02,0,1,1,2,5,8,14,82,4,109
2023-05-03,11,24,31,118,6,2,7,38,184,53
2023-05-04,10,13,23,64,7,3,10,47,110,67
2023-05-05,9,16,17,65,1,4,1,23,107,29
2023-05-06,4,8,9,38,1,1,1,8,59,11
2023-05-07,1,2,1,12,1,0,1,2,16,4
2023-05-08,2,2,2,4,3,6,7,59,10,75
2023-05-09,7,19,21,72,1,4,5,23,119,33
2023-05-10,2,9,12,35,2,10,12,43,58,67
2023-05-11,7,17,25,69,6,5,7,40,118,58
2023-05-12,11,19,22,62,5,1,5,24,114,35
2023-05-13,8,7,9,30,0,0,0,0,54,0
2023-05-14,0,0,0,0,0,0,0,0,0,0
2023-05-15,0,0,0,0,3,7,16,46,0,72
2023-05-16,10,21,28,59,3,4,3,38,118,48
2023-05-17,9,19,13,59,7,3,7,28,100,45
2023-05-18,9,13,13,42,1,1,5,24,77,31
2023-05-19,5,9,19,41,7,1,1,23,74,32
2023-05-20,15,9,8,34,0,0,0,0,66,0
2023-05-21,0,0,0,0,2,0,0,2,0,4
2023-05-22,2,0,1,4,6,4,6,44,7,60
2023-05-23,10,11,13,61,4,5,18,55,95,82
2023-05-24,5,10,30,80,5,9,9,64,125,87
2023-05-25,12,29,22,97,2,2,0,33,160,37
2023-05-26,3,4,6,46,3,1,4,30,59,38
2023-05-27,9,9,10,46,0,0,0,0,74,0
2023-05-28,0,0,0,0,0,0,0,2,0,2
2023-05-29,0,1,0,2,5,7,8,42,3,62
2023-05-30,14,20,17,64,4,7,4,45,115,60
2023-05-31,5,15,21,64,3,1,4,22,105,30
2023-06-01,5,1,10,28,2,6,10,31,44,49
2023-06-02,2,10,18,61,0,0,8,16,91,24
2023-06-03,2,6,15,21,0,0,0,0,44,0
2023-06-04,0,0,0,0,0,0,0,0,0,0
2023-06-05,0,0,0,0,0,0,0,0,0,0
2023-06-06,0,0,0,0,6,8,5,44,0,63
2023-06-07,14,25,22,86,3,4,8,19,147,34
2023-06-08,11,9,15,32,3,5,8,16,67,32
2023-06-09,5,13,17,30,3,4,4,7,65,18
2023-06-10,6,8,7,21,0,0,0,0,42,0
2023-06-11,0,0,0,0,0,0,1,2,0,3
2023-06-12,1,0,2,3,4,6,11,28,6,49
2023-06-13,5,16,18,44,4,2,7,23,83,36
2023-06-14,6,4,8,37,4,2,1,13,55,20
2023-06-15,6,7,5,16,1,0,7,14,34,22
2023-06-16,2,10,16,35,0,0,4,14,63,18
2023-06-17,1,5,8,24,0,0,0,0,38,0
2023-06-18,0,0,0,0,0,0,0,0,0,0
2023-06-19,0,0,0,0,2,1,6,29,0,38
2023-06-20,7,5,18,58,3,3,6,27,88,39
2023-06-21,6,4,7,31,1,1,2,9,48,13
2023-06-22,2,1,4,12,2,3,1,8,19,14
2023-06-23,4,8,5,17,1,1,3,6,34,11
2023-06-24,1,3,5,12,0,0,0,0,21,0
2023-06-25,0,0,0,0,0,0,0,1,0,1
2023-06-26,0,0,2,1,5,3,2,15,3,25
2023-06-27,9,5,3,21,1,6,3,18,38,28
2023-06-28,4,6,3,28,1,1,2,5,41,9
2023-06-29,1,5,2,9,2,2,0,8,17,12
2023-06-30,2,2,1,13,3,0,3,10,18,16
2023-07-01,5,5,4,14,0,0,0,0,28,0
2023-07-02,0,0,0,0,0,0,0,0,0,0
2023-07-03,1,0,0,0,3,0,6,12,1,21
2023-07-04,5,4,14,20,1,2,4,15,43,22
2023-07-05,1,4,9,19,1,4,0,11,33,16
2023-07-06,2,5,1,21,2,4,5,12,29,23
2023-07-07,5,11,14,22,1,1,1,5,52,8
2023-07-08,4,4,3,15,0,0,0,0,26,0
2023-07-09,0,0,0,0,0,0,0,0,0,0
2023-07-10,0,0,0,0,4,3,4,32,0,43
2023-07-11,12,11,8,42,3,1,5,14,73,23
2023-07-12,3,3,9,17,3,1,4,14,32,22
2023-07-13,5,6,7,19,3,4,2,18,37,27
2023-07-14,3,11,5,35,3,0,3,6,54,12
2023-07-15,5,3,12,10,0,0,0,0,30,0
2023-07-16,0,0,0,0,0,0,0,0,0,0
2023-07-17,0,0,0,0,2,7,5,38,0,52
2023-07-18,9,15,9,46,11,3,5,28,79,47
2023-07-19,16,11,12,55,2,0,1,9,94,12
2023-07-20,4,4,3,12,3,1,3,15,23,22
2023-07-21,6,7,5,25,4,1,2,9,43,16
2023-07-22,7,7,7,16,0,0,0,0,37,0
2023-07-23,0,0,0,0,0,0,0,0,0,0
2023-07-24,0,0,0,0,7,5,10,33,0,55
2023-07-25,8,21,26,66,4,3,11,35,121,53
2023-07-26,8,10,19,44,3,2,6,15,81,26
2023-07-27,10,8,14,33,2,2,4,26,65,34
2023-07-28,11,15,19,36,4,5,6,25,81,40
2023-07-29,9,16,15,31,0,0,0,0,71,0
2023-07-30,0,0,0,1,0,0,0,0,1,0
2023-07-31,0,0,0,0,6,4,13,57,0,80
2023-08-01,15,14,29,86,4,7,9,33,144,53
2023-08-02,10,17,14,45,16,15,8,35,86,74
2023-08-03,21,25,26,77,4,9,18,77,149,108
2023-08-04,7,24,39,106,3,4,11,31,176,49
2023-08-05,3,10,13,42,0,3,3,5,68,11
2023-08-06,1,7,5,7,2,0,0,3,20,5
2023-08-07,3,0,1,3,3,2,4,20,7,29
2023-08-08,4,6,4,24,11,9,16,98,38,134
2023-08-09,20,34,53,188,7,4,14,44,295,69
2023-08-10,13,18,26,69,6,6,6,68,126,86
2023-08-11,10,25,17,90,3,4,15,59,142,81
2023-08-12,10,11,21,78,0,1,0,3,120,4
2023-08-13,0,2,0,3,0,0,1,3,5,4
2023-08-14,0,2,1,8,14,12,20,94,11,140
2023-08-15,25,43,59,177,3,1,7,26,304,37
2023-08-16,9,6,13,40,17,8,18,57,68,100
2023-08-17,30,33,41,85,12,5,9,33,189,59
2023-08-18,27,28,30,64,13,12,6,76,149,107
2023-08-19,24,34,34,138,1,1,1,6,230,9
2023-08-20,3,2,2,9,0,0,0,0,16,0
2023-08-21,0,0,0,0,11,9,17,92,0,129
2023-08-22,28,28,40,134,6,2,3,35,230,46
2023-08-23,13,9,13,47,11,6,25,70,82,112
2023-08-24,33,41,62,127,12,3,12,34,263,61
2023-08-25,21,11,18,53,6,5,12,42,103,65
2023-08-26,13,28,31,59,1,0,2,4,131,7
2023-08-27,1,1,4,4,0,0,0,0,10,0
2023-08-28,0,0,0,0,20,4,9,76,0,109
2023-08-29,39,29,24,117,9,4,12,48,209,73
2023-08-30,21,30,36,101,2,4,3,28,188,37
2023-08-31,8,15,8,50,14,10,16,39,81,79
2023-09-01,26,21,32,58,6,4,6,33,137,49
2023-09-02,11,15,15,56,0,0,0,0,97,0
2023-09-03,0,0,0,0,0,0,0,0,0,0
2023-09-04,0,0,0,0,31,9,23,88,0,151
2023-09-05,44,42,47,134,13,8,13,53,267,87
2023-09-06,23,35,32,111,4,5,17,54,201,80
2023-09-07,10,27,32,78,8,1,5,20,147,34
2023-09-08,13,24,13,35,10,8,7,32,85,57
2023-09-09,16,28,27,51,0,0,0,0,122,0
2023-09-10,0,0,0,0,1,0,2,0,0,3
2023-09-11,1,0,2,1,24,15,21,77,4,137
2023-09-12,34,42,39,122,4,6,14,33,237,57
2023-09-13,8,16,20,52,15,4,11,40,96,70
2023-09-14,28,30,35,70,1,5,4,22,163,32
2023-09-15,8,21,13,52,5,3,3,28,94,39
2023-09-16,8,17,20,47,0,0,0,0,92,0
2023-09-17,0,0,0,1,1,0,0,0,1,1
2023-09-18,1,0,0,0,12,5,14,53,1,84
2023-09-19,27,17,24,85,2,4,7,34,153,47
2023-09-20,9,9,22,61,9,3,8,32,101,52
2023-09-21,16,7,18,46,6,6,8,49,87,69
2023-09-22,9,26,36,76,12,11,6,41,147,70
2023-09-23,22,20,16,72,4,0,0,4,130,8
2023-09-24,4,0,0,6,0,1,0,4,10,5
2023-09-25,0,2,1,7,19,6,18,83,10,126
2023-09-26,31,24,38,111,6,1,8,32,204,47
2023-09-27,17,12,25,60,17,6,11,46,114,80
2023-09-28,31,34,33,74,3,4,7,41,172,55
2023-09-29,9,18,17,60,3,5,10,29,104,47
2023-09-30,9,23,22,50,0,0,0,0,104,0
2023-10-01,0,0,0,0,0,0,0,0,0,0
2023-10-02,0,0,0,0,12,8,12,73,0,105
2023-10-03,17,31,34,112,3,8,9,77,194,97
2023-10-04,9,20,27,99,7,3,5,37,155,52
2023-10-05,19,8,24,64,10,8,12,65,115,95
2023-10-06,17,28,30,97,5,1,7,23,172,36
2023-10-07,9,9,14,42,0,0,0,0,74,0
2023-10-08,0,0,0,0,0,0,0,0,0,0
2023-10-09,1,0,0,0,8,4,18,74,1,104
2023-10-10,16,28,38,139,1,3,6,23,221,33
2023-10-11,6,18,10,46,1,1,7,44,80,53
2023-10-12,4,7,15,65,2,4,6,38,91,50
2023-10-13,6,19,18,58,9,1,5,24,101,39
2023-10-14,14,19,23,82,0,0,0,0,138,0
2023-10-15,1,3,0,2,0,0,0,0,6,0
2023-10-16,0,0,0,0,5,7,10,50,0,72
2023-10-17,11,22,26,78,6,0,7,47,137,60
2023-10-18,8,10,22,90,8,5,8,50,130,71
2023-10-19,16,13,16,74,1,1,6,27,119,35
2023-10-20,8,15,18,43,0,1,4,20,84,25
2023-10-21,4,12,14,36,0,0,0,0,66,0
2023-10-22,0,0,0,0,0,0,0,3,0,3
2023-10-23,2,0,1,5,2,7,9,36,8,54
2023-10-24,7,21,19,73,3,4,10,33,120,50
2023-10-25,7,13,19,73,2,1,8,31,112,42
2023-10-26,5,8,14,40,7,4,9,43,67,63
2023-10-27,15,21,22,81,0,2,6,32,139,40
2023-10-28,2,9,9,55,0,0,0,0,75,0
2023-10-29,0,0,0,0,0,0,0,0,0,0
2023-10-30,0,0,0,0,0,0,0,0,0,0
2023-10-31,0,0,0,0,9,4,22,59,0,94
2023-11-01,24,18,42,90,3,0,6,16,174,25
2023-11-02,9,6,10,37,9,2,1,21,62,33
2023-11-03,19,10,10,42,5,3,11,28,81,47
2023-11-04,13,16,23,44,0,0,0,0,96,0
2023-11-05,0,0,0,0,0,0,0,0,0,0
2023-11-06,0,0,0,0,12,5,17,57,0,91
2023-11-07,24,17,36,85,4,4,4,45,162,57
2023-11-08,6,12,19,64,2,2,3,19,101,26
2023-11-09,3,13,10,39,3,2,3,35,65,43
2023-11-10,7,12,18,71,3,6,12,40,108,61
2023-11-11,7,15,20,56,0,0,0,0,98,0
2023-11-12,0,0,0,0,0,0,0,0,0,0
2023-11-13,0,0,0,0,3,5,13,42,0,63
2023-11-14,8,12,24,69,0,0,0,0,113,0
